"","dt","Value","percent_change_last_update","Item","url"
"1",2015-01-01,100,NA,"Eggs","https://beta.bls.gov/dataViewer/view/timeseries/CUUR0000SEFH"
"2",2015-02-01,100.945054345496,0.00945054345496274,"Eggs","https://beta.bls.gov/dataViewer/view/timeseries/CUUR0000SEFH"
"3",2015-03-01,100.097817996173,-0.00839304465995405,"Eggs","https://beta.bls.gov/dataViewer/view/timeseries/CUUR0000SEFH"
"4",2015-04-01,97.5748151785471,-0.0252053727856726,"Eggs","https://beta.bls.gov/dataViewer/view/timeseries/CUUR0000SEFH"
"5",2015-05-01,96.1893849937061,-0.0141986452375627,"Eggs","https://beta.bls.gov/dataViewer/view/timeseries/CUUR0000SEFH"
"6",2015-06-01,113.339880513954,0.178299253305027,"Eggs","https://beta.bls.gov/dataViewer/view/timeseries/CUUR0000SEFH"
"7",2015-07-01,116.327031671986,0.026355693551881,"Eggs","https://beta.bls.gov/dataViewer/view/timeseries/CUUR0000SEFH"
"8",2015-08-01,127.040635388291,0.0920990036650653,"Eggs","https://beta.bls.gov/dataViewer/view/timeseries/CUUR0000SEFH"
"9",2015-09-01,128.036352440968,0.0078377839471141,"Eggs","https://beta.bls.gov/dataViewer/view/timeseries/CUUR0000SEFH"
"10",2015-10-01,121.478649566054,-0.0512175077616121,"Eggs","https://beta.bls.gov/dataViewer/view/timeseries/CUUR0000SEFH"
"11",2015-11-01,118.822754570361,-0.0218630599301279,"Eggs","https://beta.bls.gov/dataViewer/view/timeseries/CUUR0000SEFH"
"12",2015-12-01,118.727664566113,-0.000800267630486432,"Eggs","https://beta.bls.gov/dataViewer/view/timeseries/CUUR0000SEFH"
"13",2016-01-01,106.78217763904,-0.100612498112613,"Eggs","https://beta.bls.gov/dataViewer/view/timeseries/CUUR0000SEFH"
"14",2016-02-01,107.008600968827,0.00212042247866813,"Eggs","https://beta.bls.gov/dataViewer/view/timeseries/CUUR0000SEFH"
"15",2016-03-01,100.759161181454,-0.0584012848574021,"Eggs","https://beta.bls.gov/dataViewer/view/timeseries/CUUR0000SEFH"
"16",2016-04-01,93.7973257884871,-0.0690938204659114,"Eggs","https://beta.bls.gov/dataViewer/view/timeseries/CUUR0000SEFH"
"17",2016-05-01,88.199876071224,-0.0596760053680568,"Eggs","https://beta.bls.gov/dataViewer/view/timeseries/CUUR0000SEFH"
"18",2016-06-01,82.8728872676823,-0.0603967833156591,"Eggs","https://beta.bls.gov/dataViewer/view/timeseries/CUUR0000SEFH"
"19",2016-07-01,82.5685213114626,-0.00367268435135521,"Eggs","https://beta.bls.gov/dataViewer/view/timeseries/CUUR0000SEFH"
"20",2016-08-01,78.8592317195313,-0.0449237740123661,"Eggs","https://beta.bls.gov/dataViewer/view/timeseries/CUUR0000SEFH"
"21",2016-09-01,79.8931406591608,0.0131108167944967,"Eggs","https://beta.bls.gov/dataViewer/view/timeseries/CUUR0000SEFH"
"22",2016-10-01,78.3093464900487,-0.019823906733982,"Eggs","https://beta.bls.gov/dataViewer/view/timeseries/CUUR0000SEFH"
"23",2016-11-01,79.2002307101743,0.0113764736912826,"Eggs","https://beta.bls.gov/dataViewer/view/timeseries/CUUR0000SEFH"
"24",2016-12-01,78.5540863370473,-0.00815836478420704,"Eggs","https://beta.bls.gov/dataViewer/view/timeseries/CUUR0000SEFH"
"25",2017-01-01,86.0537258524,0.0954710297714431,"Eggs","https://beta.bls.gov/dataViewer/view/timeseries/CUUR0000SEFH"
"26",2017-02-01,81.7793522188317,-0.0496709885740423,"Eggs","https://beta.bls.gov/dataViewer/view/timeseries/CUUR0000SEFH"
"27",2017-03-01,78.7972673315173,-0.0364650098882508,"Eggs","https://beta.bls.gov/dataViewer/view/timeseries/CUUR0000SEFH"
"28",2017-04-01,79.0038152915639,0.00262125790704916,"Eggs","https://beta.bls.gov/dataViewer/view/timeseries/CUUR0000SEFH"
"29",2017-05-01,75.393512835202,-0.0456978241245442,"Eggs","https://beta.bls.gov/dataViewer/view/timeseries/CUUR0000SEFH"
"30",2017-06-01,74.5571884535793,-0.0110927896867038,"Eggs","https://beta.bls.gov/dataViewer/view/timeseries/CUUR0000SEFH"
"31",2017-07-01,74.7072280094622,0.0020124089842302,"Eggs","https://beta.bls.gov/dataViewer/view/timeseries/CUUR0000SEFH"
"32",2017-08-01,75.9543100323852,0.0166929232438523,"Eggs","https://beta.bls.gov/dataViewer/view/timeseries/CUUR0000SEFH"
"33",2017-09-01,78.1179973421564,0.0284866956048805,"Eggs","https://beta.bls.gov/dataViewer/view/timeseries/CUUR0000SEFH"
"34",2017-10-01,82.3518408099798,0.0541980543776503,"Eggs","https://beta.bls.gov/dataViewer/view/timeseries/CUUR0000SEFH"
"35",2017-11-01,81.7318072167078,-0.00752907994737696,"Eggs","https://beta.bls.gov/dataViewer/view/timeseries/CUUR0000SEFH"
"36",2017-12-01,87.6932489994115,0.0729390672458434,"Eggs","https://beta.bls.gov/dataViewer/view/timeseries/CUUR0000SEFH"
"37",2018-01-01,88.1624636105363,0.00535063549906664,"Eggs","https://beta.bls.gov/dataViewer/view/timeseries/CUUR0000SEFH"
"38",2018-02-01,90.3998067022865,0.025377501944975,"Eggs","https://beta.bls.gov/dataViewer/view/timeseries/CUUR0000SEFH"
"39",2018-03-01,91.6242853635439,0.0135451468971612,"Eggs","https://beta.bls.gov/dataViewer/view/timeseries/CUUR0000SEFH"
"40",2018-04-01,97.3425461517777,0.0624098814582296,"Eggs","https://beta.bls.gov/dataViewer/view/timeseries/CUUR0000SEFH"
"41",2018-05-01,91.6609183979673,-0.0583673632796861,"Eggs","https://beta.bls.gov/dataViewer/view/timeseries/CUUR0000SEFH"
"42",2018-06-01,85.0712590462161,-0.0718917011407265,"Eggs","https://beta.bls.gov/dataViewer/view/timeseries/CUUR0000SEFH"
"43",2018-07-01,87.2080561498681,0.0251177322118996,"Eggs","https://beta.bls.gov/dataViewer/view/timeseries/CUUR0000SEFH"
"44",2018-08-01,87.1008850385231,-0.00122891297061782,"Eggs","https://beta.bls.gov/dataViewer/view/timeseries/CUUR0000SEFH"
"45",2018-09-01,85.996438021972,-0.0126800894854585,"Eggs","https://beta.bls.gov/dataViewer/view/timeseries/CUUR0000SEFH"
"46",2018-10-01,84.6834944797135,-0.0152674177263376,"Eggs","https://beta.bls.gov/dataViewer/view/timeseries/CUUR0000SEFH"
"47",2018-11-01,84.6554351341977,-0.000331343736913138,"Eggs","https://beta.bls.gov/dataViewer/view/timeseries/CUUR0000SEFH"
"48",2018-12-01,85.7805369467535,0.0132903671308552,"Eggs","https://beta.bls.gov/dataViewer/view/timeseries/CUUR0000SEFH"
"49",2019-01-01,85.2676744648264,-0.00597877444210226,"Eggs","https://beta.bls.gov/dataViewer/view/timeseries/CUUR0000SEFH"
"50",2019-02-01,85.0295597410746,-0.00279255562258894,"Eggs","https://beta.bls.gov/dataViewer/view/timeseries/CUUR0000SEFH"
"51",2019-03-01,84.2754648303384,-0.0088686206659487,"Eggs","https://beta.bls.gov/dataViewer/view/timeseries/CUUR0000SEFH"
"52",2019-04-01,81.343652937073,-0.0347884393063583,"Eggs","https://beta.bls.gov/dataViewer/view/timeseries/CUUR0000SEFH"
"53",2019-05-01,77.3783218173103,-0.0487478859946247,"Eggs","https://beta.bls.gov/dataViewer/view/timeseries/CUUR0000SEFH"
"54",2019-06-01,74.4979520574905,-0.0372245054192353,"Eggs","https://beta.bls.gov/dataViewer/view/timeseries/CUUR0000SEFH"
"55",2019-07-01,74.8732458037639,0.00503763843043303,"Eggs","https://beta.bls.gov/dataViewer/view/timeseries/CUUR0000SEFH"
"56",2019-08-01,73.2606128628716,-0.0215381732631009,"Eggs","https://beta.bls.gov/dataViewer/view/timeseries/CUUR0000SEFH"
"57",2019-09-01,79.0435660310445,0.0789367293309076,"Eggs","https://beta.bls.gov/dataViewer/view/timeseries/CUUR0000SEFH"
"58",2019-10-01,77.3089528797852,-0.021945026500678,"Eggs","https://beta.bls.gov/dataViewer/view/timeseries/CUUR0000SEFH"
"59",2019-11-01,77.9457441377402,0.00823696653795382,"Eggs","https://beta.bls.gov/dataViewer/view/timeseries/CUUR0000SEFH"
"60",2019-12-01,83.1729663794481,0.0670623175072995,"Eggs","https://beta.bls.gov/dataViewer/view/timeseries/CUUR0000SEFH"
"61",2020-01-01,81.367425438135,-0.0217082667591285,"Eggs","https://beta.bls.gov/dataViewer/view/timeseries/CUUR0000SEFH"
"62",2020-02-01,81.5899516366003,0.00273483150372619,"Eggs","https://beta.bls.gov/dataViewer/view/timeseries/CUUR0000SEFH"
"63",2020-03-01,82.960572722419,0.0167988956768039,"Eggs","https://beta.bls.gov/dataViewer/view/timeseries/CUUR0000SEFH"
"64",2020-04-01,95.4119072950401,0.150087374809748,"Eggs","https://beta.bls.gov/dataViewer/view/timeseries/CUUR0000SEFH"
"65",2020-05-01,87.8082143733997,-0.0796933332244125,"Eggs","https://beta.bls.gov/dataViewer/view/timeseries/CUUR0000SEFH"
"66",2020-06-01,83.5420247156068,-0.0485853138938818,"Eggs","https://beta.bls.gov/dataViewer/view/timeseries/CUUR0000SEFH"
"67",2020-07-01,80.3089645711792,-0.0386998059411852,"Eggs","https://beta.bls.gov/dataViewer/view/timeseries/CUUR0000SEFH"
"68",2020-08-01,78.4539300620813,-0.0230987227765052,"Eggs","https://beta.bls.gov/dataViewer/view/timeseries/CUUR0000SEFH"
"69",2020-09-01,79.0992950089439,0.00822603719599409,"Eggs","https://beta.bls.gov/dataViewer/view/timeseries/CUUR0000SEFH"
"70",2020-10-01,80.1920506315301,0.0138149856134959,"Eggs","https://beta.bls.gov/dataViewer/view/timeseries/CUUR0000SEFH"
"71",2020-11-01,81.3159833046894,0.0140155123146006,"Eggs","https://beta.bls.gov/dataViewer/view/timeseries/CUUR0000SEFH"
"72",2020-12-01,81.9122443968995,0.00733264320220847,"Eggs","https://beta.bls.gov/dataViewer/view/timeseries/CUUR0000SEFH"
"73",2021-01-01,82.0552691164034,0.00174607252623862,"Eggs","https://beta.bls.gov/dataViewer/view/timeseries/CUUR0000SEFH"
"74",2021-02-01,85.1367308524195,0.0375534900951305,"Eggs","https://beta.bls.gov/dataViewer/view/timeseries/CUUR0000SEFH"
"75",2021-03-01,86.8569246177888,0.0202050718667032,"Eggs","https://beta.bls.gov/dataViewer/view/timeseries/CUUR0000SEFH"
"76",2021-04-01,86.9442203593935,0.00100505218195036,"Eggs","https://beta.bls.gov/dataViewer/view/timeseries/CUUR0000SEFH"
"77",2021-05-01,84.7053184151146,-0.0257510152489041,"Eggs","https://beta.bls.gov/dataViewer/view/timeseries/CUUR0000SEFH"
"78",2021-06-01,84.3448337678635,-0.00425574986312585,"Eggs","https://beta.bls.gov/dataViewer/view/timeseries/CUUR0000SEFH"
"79",2021-07-01,84.8545785447332,0.00604358031308324,"Eggs","https://beta.bls.gov/dataViewer/view/timeseries/CUUR0000SEFH"
"80",2021-08-01,86.2177950810408,0.0160653268177978,"Eggs","https://beta.bls.gov/dataViewer/view/timeseries/CUUR0000SEFH"
"81",2021-09-01,89.089591151953,0.0333086234484753,"Eggs","https://beta.bls.gov/dataViewer/view/timeseries/CUUR0000SEFH"
"82",2021-10-01,89.4820322760416,0.00440501655708811,"Eggs","https://beta.bls.gov/dataViewer/view/timeseries/CUUR0000SEFH"
"83",2021-11-01,87.8358840057834,-0.0183964113061277,"Eggs","https://beta.bls.gov/dataViewer/view/timeseries/CUUR0000SEFH"
"84",2021-12-01,91.0194505824263,0.036244487235232,"Eggs","https://beta.bls.gov/dataViewer/view/timeseries/CUUR0000SEFH"
"85",2022-01-01,92.8394109096294,0.0199952901886064,"Eggs","https://beta.bls.gov/dataViewer/view/timeseries/CUUR0000SEFH"
"86",2022-02-01,94.8425364089494,0.0215762409486831,"Eggs","https://beta.bls.gov/dataViewer/view/timeseries/CUUR0000SEFH"
"87",2022-03-01,96.6106648895748,0.0186427793643291,"Eggs","https://beta.bls.gov/dataViewer/view/timeseries/CUUR0000SEFH"
"88",2022-04-01,106.572511973936,0.103113327040524,"Eggs","https://beta.bls.gov/dataViewer/view/timeseries/CUUR0000SEFH"
"89",2022-05-01,111.949384058395,0.0504527104116083,"Eggs","https://beta.bls.gov/dataViewer/view/timeseries/CUUR0000SEFH"
"90",2022-06-01,112.279860794469,0.00295201924382341,"Eggs","https://beta.bls.gov/dataViewer/view/timeseries/CUUR0000SEFH"
"91",2022-07-01,117.114641912089,0.0430600918402411,"Eggs","https://beta.bls.gov/dataViewer/view/timeseries/CUUR0000SEFH"
"92",2022-08-01,120.492675341681,0.0288438181122407,"Eggs","https://beta.bls.gov/dataViewer/view/timeseries/CUUR0000SEFH"
"93",2022-09-01,116.220250273774,-0.03545796502395,"Eggs","https://beta.bls.gov/dataViewer/view/timeseries/CUUR0000SEFH"
"94",2022-10-01,127.990756004505,0.101277580309838,"Eggs","https://beta.bls.gov/dataViewer/view/timeseries/CUUR0000SEFH"
"95",2015-01-01,100,NA,"Milk","https://beta.bls.gov/dataViewer/view/timeseries/CUUR0000SEFJ01"
"96",2015-02-01,96.6989513403847,-0.033010486596153,"Milk","https://beta.bls.gov/dataViewer/view/timeseries/CUUR0000SEFJ01"
"97",2015-03-01,96.54517377511,-0.00159027128157165,"Milk","https://beta.bls.gov/dataViewer/view/timeseries/CUUR0000SEFJ01"
"98",2015-04-01,95.3395059734185,-0.0124881208925056,"Milk","https://beta.bls.gov/dataViewer/view/timeseries/CUUR0000SEFJ01"
"99",2015-05-01,94.9201713521442,-0.00439833012551169,"Milk","https://beta.bls.gov/dataViewer/view/timeseries/CUUR0000SEFJ01"
"100",2015-06-01,93.8773268548611,-0.0109865425064836,"Milk","https://beta.bls.gov/dataViewer/view/timeseries/CUUR0000SEFJ01"
"101",2015-07-01,95.2374183460512,0.0144879656969019,"Milk","https://beta.bls.gov/dataViewer/view/timeseries/CUUR0000SEFJ01"
"102",2015-08-01,94.2339874264226,-0.0105360995400208,"Milk","https://beta.bls.gov/dataViewer/view/timeseries/CUUR0000SEFJ01"
"103",2015-09-01,94.7702705322125,0.00569097329356525,"Milk","https://beta.bls.gov/dataViewer/view/timeseries/CUUR0000SEFJ01"
"104",2015-10-01,94.1306075506077,-0.0067496164990627,"Milk","https://beta.bls.gov/dataViewer/view/timeseries/CUUR0000SEFJ01"
"105",2015-11-01,93.5671872274163,-0.00598551669698323,"Milk","https://beta.bls.gov/dataViewer/view/timeseries/CUUR0000SEFJ01"
"106",2015-12-01,94.1583908922329,0.0063184935054174,"Milk","https://beta.bls.gov/dataViewer/view/timeseries/CUUR0000SEFJ01"
"107",2016-01-01,92.8021761463859,-0.0144035463328944,"Milk","https://beta.bls.gov/dataViewer/view/timeseries/CUUR0000SEFJ01"
"108",2016-02-01,91.9066479721391,-0.00964986179671218,"Milk","https://beta.bls.gov/dataViewer/view/timeseries/CUUR0000SEFJ01"
"109",2016-03-01,90.7455627418928,-0.0126333106022792,"Milk","https://beta.bls.gov/dataViewer/view/timeseries/CUUR0000SEFJ01"
"110",2016-04-01,89.9857206546531,-0.00837332497899546,"Milk","https://beta.bls.gov/dataViewer/view/timeseries/CUUR0000SEFJ01"
"111",2016-05-01,89.8345275862737,-0.00168018955984779,"Milk","https://beta.bls.gov/dataViewer/view/timeseries/CUUR0000SEFJ01"
"112",2016-06-01,88.9461067784892,-0.00988952501510394,"Milk","https://beta.bls.gov/dataViewer/view/timeseries/CUUR0000SEFJ01"
"113",2016-07-01,88.5984919460615,-0.00390815118297861,"Milk","https://beta.bls.gov/dataViewer/view/timeseries/CUUR0000SEFJ01"
"114",2016-08-01,89.647797685583,0.0118433814896117,"Milk","https://beta.bls.gov/dataViewer/view/timeseries/CUUR0000SEFJ01"
"115",2016-09-01,91.6210610652004,0.0220112867305236,"Milk","https://beta.bls.gov/dataViewer/view/timeseries/CUUR0000SEFJ01"
"116",2016-10-01,92.4823446555835,0.00940049788083309,"Milk","https://beta.bls.gov/dataViewer/view/timeseries/CUUR0000SEFJ01"
"117",2016-11-01,91.4911900962079,-0.010717230008244,"Milk","https://beta.bls.gov/dataViewer/view/timeseries/CUUR0000SEFJ01"
"118",2016-12-01,92.6561520717973,0.0127330508474577,"Milk","https://beta.bls.gov/dataViewer/view/timeseries/CUUR0000SEFJ01"
"119",2017-01-01,92.1625131647811,-0.00532764307580718,"Milk","https://beta.bls.gov/dataViewer/view/timeseries/CUUR0000SEFJ01"
"120",2017-02-01,91.874341760947,-0.0031267745847911,"Milk","https://beta.bls.gov/dataViewer/view/timeseries/CUUR0000SEFJ01"
"121",2017-03-01,91.2979989532787,-0.00627316393915323,"Milk","https://beta.bls.gov/dataViewer/view/timeseries/CUUR0000SEFJ01"
"122",2017-04-01,90.0735935490957,-0.0134110869703682,"Milk","https://beta.bls.gov/dataViewer/view/timeseries/CUUR0000SEFJ01"
"123",2017-05-01,90.2532160833242,0.00199417528657301,"Milk","https://beta.bls.gov/dataViewer/view/timeseries/CUUR0000SEFJ01"
"124",2017-06-01,89.5592786669165,-0.00768878325362946,"Milk","https://beta.bls.gov/dataViewer/view/timeseries/CUUR0000SEFJ01"
"125",2017-07-01,89.6658891638506,0.0011903903037297,"Milk","https://beta.bls.gov/dataViewer/view/timeseries/CUUR0000SEFJ01"
"126",2017-08-01,89.3822406295834,-0.00316339398306598,"Milk","https://beta.bls.gov/dataViewer/view/timeseries/CUUR0000SEFJ01"
"127",2017-09-01,89.2407394245618,-0.00158310201249155,"Milk","https://beta.bls.gov/dataViewer/view/timeseries/CUUR0000SEFJ01"
"128",2017-10-01,89.4823898842792,0.00270784914239399,"Milk","https://beta.bls.gov/dataViewer/view/timeseries/CUUR0000SEFJ01"
"129",2017-11-01,89.8112671142154,0.00367532908275625,"Milk","https://beta.bls.gov/dataViewer/view/timeseries/CUUR0000SEFJ01"
"130",2017-12-01,90.1827885429253,0.00413669064748185,"Milk","https://beta.bls.gov/dataViewer/view/timeseries/CUUR0000SEFJ01"
"131",2018-01-01,89.0721010021387,-0.0123159591617409,"Milk","https://beta.bls.gov/dataViewer/view/timeseries/CUUR0000SEFJ01"
"132",2018-02-01,88.8627567536135,-0.00235027855153193,"Milk","https://beta.bls.gov/dataViewer/view/timeseries/CUUR0000SEFJ01"
"133",2018-03-01,87.6945641569048,-0.01314603146904,"Milk","https://beta.bls.gov/dataViewer/view/timeseries/CUUR0000SEFJ01"
"134",2018-04-01,88.0376561197656,0.00391235153694265,"Milk","https://beta.bls.gov/dataViewer/view/timeseries/CUUR0000SEFJ01"
"135",2018-05-01,87.8825863060432,-0.00176140325125706,"Milk","https://beta.bls.gov/dataViewer/view/timeseries/CUUR0000SEFJ01"
"136",2018-06-01,88.4020701820132,0.00591111274491787,"Milk","https://beta.bls.gov/dataViewer/view/timeseries/CUUR0000SEFJ01"
"137",2018-07-01,87.7016715233671,-0.00792287620871351,"Milk","https://beta.bls.gov/dataViewer/view/timeseries/CUUR0000SEFJ01"
"138",2018-08-01,88.4841279584413,0.00892179614690375,"Milk","https://beta.bls.gov/dataViewer/view/timeseries/CUUR0000SEFJ01"
"139",2018-09-01,88.4434221323392,-0.000460035342397571,"Milk","https://beta.bls.gov/dataViewer/view/timeseries/CUUR0000SEFJ01"
"140",2018-10-01,89.1063455860024,0.00749545232059491,"Milk","https://beta.bls.gov/dataViewer/view/timeseries/CUUR0000SEFJ01"
"141",2018-11-01,89.5121115985759,0.00455372745796143,"Milk","https://beta.bls.gov/dataViewer/view/timeseries/CUUR0000SEFJ01"
"142",2018-12-01,89.0695165052433,-0.00494452745475935,"Milk","https://beta.bls.gov/dataViewer/view/timeseries/CUUR0000SEFJ01"
"143",2019-01-01,89.3887018718219,0.00358355337608451,"Milk","https://beta.bls.gov/dataViewer/view/timeseries/CUUR0000SEFJ01"
"144",2019-02-01,89.1166835735839,-0.00304309484914623,"Milk","https://beta.bls.gov/dataViewer/view/timeseries/CUUR0000SEFJ01"
"145",2019-03-01,90.0748857975434,0.0107522204096427,"Milk","https://beta.bls.gov/dataViewer/view/timeseries/CUUR0000SEFJ01"
"146",2019-04-01,90.2157408783413,0.00156375530816022,"Milk","https://beta.bls.gov/dataViewer/view/timeseries/CUUR0000SEFJ01"
"147",2019-05-01,90.0548559466043,-0.00178333548193027,"Milk","https://beta.bls.gov/dataViewer/view/timeseries/CUUR0000SEFJ01"
"148",2019-06-01,90.1246373627794,0.000774876773068747,"Milk","https://beta.bls.gov/dataViewer/view/timeseries/CUUR0000SEFJ01"
"149",2019-07-01,90.5039122821754,0.0042083378141018,"Milk","https://beta.bls.gov/dataViewer/view/timeseries/CUUR0000SEFJ01"
"150",2019-08-01,91.1435752637802,0.00706779370609416,"Milk","https://beta.bls.gov/dataViewer/view/timeseries/CUUR0000SEFJ01"
"151",2019-09-01,91.6469060341541,0.00552239440813254,"Milk","https://beta.bls.gov/dataViewer/view/timeseries/CUUR0000SEFJ01"
"152",2019-10-01,92.3957640095885,0.00817112118498872,"Milk","https://beta.bls.gov/dataViewer/view/timeseries/CUUR0000SEFJ01"
"153",2019-11-01,92.9985979104343,0.00652447552447557,"Milk","https://beta.bls.gov/dataViewer/view/timeseries/CUUR0000SEFJ01"
"154",2019-12-01,93.5878632025793,0.00633628146429246,"Milk","https://beta.bls.gov/dataViewer/view/timeseries/CUUR0000SEFJ01"
"155",2020-01-01,94.7554096750641,0.012475404743001,"Milk","https://beta.bls.gov/dataViewer/view/timeseries/CUUR0000SEFJ01"
"156",2020-02-01,94.4892064948407,-0.00280937184627537,"Milk","https://beta.bls.gov/dataViewer/view/timeseries/CUUR0000SEFJ01"
"157",2020-03-01,94.5247433271521,0.000376094091903561,"Milk","https://beta.bls.gov/dataViewer/view/timeseries/CUUR0000SEFJ01"
"158",2020-04-01,95.4596850790533,0.00989097371748864,"Milk","https://beta.bls.gov/dataViewer/view/timeseries/CUUR0000SEFJ01"
"159",2020-05-01,94.8930341347427,-0.00593602360872316,"Milk","https://beta.bls.gov/dataViewer/view/timeseries/CUUR0000SEFJ01"
"160",2020-06-01,93.9910447182575,-0.00950532802233352,"Milk","https://beta.bls.gov/dataViewer/view/timeseries/CUUR0000SEFJ01"
"161",2020-07-01,94.3638583954151,0.00396648083096738,"Milk","https://beta.bls.gov/dataViewer/view/timeseries/CUUR0000SEFJ01"
"162",2020-08-01,98.1721145707474,0.0403571477479699,"Milk","https://beta.bls.gov/dataViewer/view/timeseries/CUUR0000SEFJ01"
"163",2020-09-01,98.2270351297741,0.000559431354482086,"Milk","https://beta.bls.gov/dataViewer/view/timeseries/CUUR0000SEFJ01"
"164",2020-10-01,96.3248454147794,-0.0193652359809243,"Milk","https://beta.bls.gov/dataViewer/view/timeseries/CUUR0000SEFJ01"
"165",2020-11-01,97.031705315664,0.0073382926060332,"Milk","https://beta.bls.gov/dataViewer/view/timeseries/CUUR0000SEFJ01"
"166",2020-12-01,99.2117284469112,0.02246712169136,"Milk","https://beta.bls.gov/dataViewer/view/timeseries/CUUR0000SEFJ01"
"167",2021-01-01,97.8180384960812,-0.0140476330031458,"Milk","https://beta.bls.gov/dataViewer/view/timeseries/CUUR0000SEFJ01"
"168",2021-02-01,96.3965652036261,-0.0145318114563515,"Milk","https://beta.bls.gov/dataViewer/view/timeseries/CUUR0000SEFJ01"
"169",2021-03-01,95.6851824331746,-0.00737975226553706,"Milk","https://beta.bls.gov/dataViewer/view/timeseries/CUUR0000SEFJ01"
"170",2021-04-01,97.5440818251717,0.0194272440593958,"Milk","https://beta.bls.gov/dataViewer/view/timeseries/CUUR0000SEFJ01"
"171",2021-05-01,99.2401579127603,0.0173877907901012,"Milk","https://beta.bls.gov/dataViewer/view/timeseries/CUUR0000SEFJ01"
"172",2021-06-01,99.2440346581034,3.90642802732303e-05,"Milk","https://beta.bls.gov/dataViewer/view/timeseries/CUUR0000SEFJ01"
"173",2021-07-01,100.186083776467,0.00949224929849792,"Milk","https://beta.bls.gov/dataViewer/view/timeseries/CUUR0000SEFJ01"
"174",2021-08-01,99.4960231054022,-0.00688778965154731,"Milk","https://beta.bls.gov/dataViewer/view/timeseries/CUUR0000SEFJ01"
"175",2021-09-01,100.039413577654,0.00546142906311493,"Milk","https://beta.bls.gov/dataViewer/view/timeseries/CUUR0000SEFJ01"
"176",2021-10-01,100.512376509508,0.00472776593683405,"Milk","https://beta.bls.gov/dataViewer/view/timeseries/CUUR0000SEFJ01"
"177",2021-11-01,101.517745801808,0.0100024427559429,"Milk","https://beta.bls.gov/dataViewer/view/timeseries/CUUR0000SEFJ01"
"178",2021-12-01,103.397967293192,0.0185211115212767,"Milk","https://beta.bls.gov/dataViewer/view/timeseries/CUUR0000SEFJ01"
"179",2022-01-01,104.486686610368,0.0105294073537133,"Milk","https://beta.bls.gov/dataViewer/view/timeseries/CUUR0000SEFJ01"
"180",2022-02-01,107.218499828777,0.0261450841923653,"Milk","https://beta.bls.gov/dataViewer/view/timeseries/CUUR0000SEFJ01"
"181",2022-03-01,108.37053931989,0.0107447827842426,"Milk","https://beta.bls.gov/dataViewer/view/timeseries/CUUR0000SEFJ01"
"182",2022-04-01,111.881578352254,0.0323984641434737,"Milk","https://beta.bls.gov/dataViewer/view/timeseries/CUUR0000SEFJ01"
"183",2022-05-01,115.026264949699,0.0281072777463359,"Milk","https://beta.bls.gov/dataViewer/view/timeseries/CUUR0000SEFJ01"
"184",2022-06-01,115.563194179713,0.00466788372419609,"Milk","https://beta.bls.gov/dataViewer/view/timeseries/CUUR0000SEFJ01"
"185",2022-07-01,115.79127603073,0.00197365478373669,"Milk","https://beta.bls.gov/dataViewer/view/timeseries/CUUR0000SEFJ01"
"186",2022-08-01,116.375372329084,0.00504438951168738,"Milk","https://beta.bls.gov/dataViewer/view/timeseries/CUUR0000SEFJ01"
"187",2022-09-01,115.200718490137,-0.0100936634224071,"Milk","https://beta.bls.gov/dataViewer/view/timeseries/CUUR0000SEFJ01"
"188",2022-10-01,115.121245210604,-0.000689867915533225,"Milk","https://beta.bls.gov/dataViewer/view/timeseries/CUUR0000SEFJ01"
"189",2015-01-01,100,NA,"Gasoline (all types)","https://beta.bls.gov/dataViewer/view/timeseries/CUUR0000SETB01"
"190",2015-02-01,105.261366950773,0.0526136695077292,"Gasoline (all types)","https://beta.bls.gov/dataViewer/view/timeseries/CUUR0000SETB01"
"191",2015-03-01,116.36581650841,0.105494065670171,"Gasoline (all types)","https://beta.bls.gov/dataViewer/view/timeseries/CUUR0000SETB01"
"192",2015-04-01,116.3760789016,8.81907891684146e-05,"Gasoline (all types)","https://beta.bls.gov/dataViewer/view/timeseries/CUUR0000SETB01"
"193",2015-05-01,128.641799267589,0.105397264470136,"Gasoline (all types)","https://beta.bls.gov/dataViewer/view/timeseries/CUUR0000SETB01"
"194",2015-06-01,131.912802065442,0.0254272158542217,"Gasoline (all types)","https://beta.bls.gov/dataViewer/view/timeseries/CUUR0000SETB01"
"195",2015-07-01,131.648140346329,-0.00200633839148983,"Gasoline (all types)","https://beta.bls.gov/dataViewer/view/timeseries/CUUR0000SETB01"
"196",2015-08-01,124.506054811982,-0.0542513211015197,"Gasoline (all types)","https://beta.bls.gov/dataViewer/view/timeseries/CUUR0000SETB01"
"197",2015-09-01,111.935163280077,-0.100966106033065,"Gasoline (all types)","https://beta.bls.gov/dataViewer/view/timeseries/CUUR0000SETB01"
"198",2015-10-01,107.526655215996,-0.0393844787901889,"Gasoline (all types)","https://beta.bls.gov/dataViewer/view/timeseries/CUUR0000SETB01"
"199",2015-11-01,103.002560197038,-0.0420741723051886,"Gasoline (all types)","https://beta.bls.gov/dataViewer/view/timeseries/CUUR0000SETB01"
"200",2015-12-01,96.9504488446706,-0.0587569021662182,"Gasoline (all types)","https://beta.bls.gov/dataViewer/view/timeseries/CUUR0000SETB01"
"201",2016-01-01,92.6715710103596,-0.044134688238178,"Gasoline (all types)","https://beta.bls.gov/dataViewer/view/timeseries/CUUR0000SETB01"
"202",2016-02-01,83.4840284754405,-0.0991408954736732,"Gasoline (all types)","https://beta.bls.gov/dataViewer/view/timeseries/CUUR0000SETB01"
"203",2016-03-01,92.013697594279,0.102171268859501,"Gasoline (all types)","https://beta.bls.gov/dataViewer/view/timeseries/CUUR0000SETB01"
"204",2016-04-01,100.359723887611,0.0907041724388927,"Gasoline (all types)","https://beta.bls.gov/dataViewer/view/timeseries/CUUR0000SETB01"
"205",2016-05-01,106.950880945436,0.065675320761216,"Gasoline (all types)","https://beta.bls.gov/dataViewer/view/timeseries/CUUR0000SETB01"
"206",2016-06-01,111.633772995863,0.0437854462630863,"Gasoline (all types)","https://beta.bls.gov/dataViewer/view/timeseries/CUUR0000SETB01"
"207",2016-07-01,105.455812295427,-0.0553413231017848,"Gasoline (all types)","https://beta.bls.gov/dataViewer/view/timeseries/CUUR0000SETB01"
"208",2016-08-01,102.286353177561,-0.0300548547195033,"Gasoline (all types)","https://beta.bls.gov/dataViewer/view/timeseries/CUUR0000SETB01"
"209",2016-09-01,104.685592680213,0.023456105610561,"Gasoline (all types)","https://beta.bls.gov/dataViewer/view/timeseries/CUUR0000SETB01"
"210",2016-10-01,106.597638569314,0.0182646517075387,"Gasoline (all types)","https://beta.bls.gov/dataViewer/view/timeseries/CUUR0000SETB01"
"211",2016-11-01,103.986129565415,-0.024498750994391,"Gasoline (all types)","https://beta.bls.gov/dataViewer/view/timeseries/CUUR0000SETB01"
"212",2016-12-01,105.818776938782,0.0176239598591331,"Gasoline (all types)","https://beta.bls.gov/dataViewer/view/timeseries/CUUR0000SETB01"
"213",2017-01-01,111.460392563546,0.0533139371666285,"Gasoline (all types)","https://beta.bls.gov/dataViewer/view/timeseries/CUUR0000SETB01"
"214",2017-02-01,109.082217973231,-0.0213364993215739,"Gasoline (all types)","https://beta.bls.gov/dataViewer/view/timeseries/CUUR0000SETB01"
"215",2017-03-01,110.302902636895,0.0111905009482216,"Gasoline (all types)","https://beta.bls.gov/dataViewer/view/timeseries/CUUR0000SETB01"
"216",2017-04-01,114.735716369057,0.0401876435360424,"Gasoline (all types)","https://beta.bls.gov/dataViewer/view/timeseries/CUUR0000SETB01"
"217",2017-05-01,113.124520638213,-0.0140426693782246,"Gasoline (all types)","https://beta.bls.gov/dataViewer/view/timeseries/CUUR0000SETB01"
"218",2017-06-01,111.201672229964,-0.0169976270166778,"Gasoline (all types)","https://beta.bls.gov/dataViewer/view/timeseries/CUUR0000SETB01"
"219",2017-07-01,108.658759222651,-0.0228675788440894,"Gasoline (all types)","https://beta.bls.gov/dataViewer/view/timeseries/CUUR0000SETB01"
"220",2017-08-01,112.886325091011,0.0389068115502576,"Gasoline (all types)","https://beta.bls.gov/dataViewer/view/timeseries/CUUR0000SETB01"
"221",2017-09-01,124.867399077465,0.106133971291866,"Gasoline (all types)","https://beta.bls.gov/dataViewer/view/timeseries/CUUR0000SETB01"
"222",2017-10-01,118.066673148178,-0.0544635828048897,"Gasoline (all types)","https://beta.bls.gov/dataViewer/view/timeseries/CUUR0000SETB01"
"223",2017-11-01,121.110823043934,0.0257833122132203,"Gasoline (all types)","https://beta.bls.gov/dataViewer/view/timeseries/CUUR0000SETB01"
"224",2017-12-01,117.089045165333,-0.0332074192670821,"Gasoline (all types)","https://beta.bls.gov/dataViewer/view/timeseries/CUUR0000SETB01"
"225",2018-01-01,120.88343001588,0.0324059765385343,"Gasoline (all types)","https://beta.bls.gov/dataViewer/view/timeseries/CUUR0000SETB01"
"226",2018-02-01,122.835445225827,0.0161479138182175,"Gasoline (all types)","https://beta.bls.gov/dataViewer/view/timeseries/CUUR0000SETB01"
"227",2018-03-01,122.539456201186,-0.00240963855421665,"Gasoline (all types)","https://beta.bls.gov/dataViewer/view/timeseries/CUUR0000SETB01"
"228",2018-04-01,130.149830940575,0.0621055044254025,"Gasoline (all types)","https://beta.bls.gov/dataViewer/view/timeseries/CUUR0000SETB01"
"229",2018-05-01,137.783971222089,0.0586565516554478,"Gasoline (all types)","https://beta.bls.gov/dataViewer/view/timeseries/CUUR0000SETB01"
"230",2018-06-01,138.210130602456,0.0030929532411327,"Gasoline (all types)","https://beta.bls.gov/dataViewer/view/timeseries/CUUR0000SETB01"
"231",2018-07-01,136.237050480172,-0.0142759442718407,"Gasoline (all types)","https://beta.bls.gov/dataViewer/view/timeseries/CUUR0000SETB01"
"232",2018-08-01,135.769841527044,-0.00342938247327865,"Gasoline (all types)","https://beta.bls.gov/dataViewer/view/timeseries/CUUR0000SETB01"
"233",2018-09-01,136.228408464854,0.00337753165690013,"Gasoline (all types)","https://beta.bls.gov/dataViewer/view/timeseries/CUUR0000SETB01"
"234",2018-10-01,137.080187099632,0.00625257715608854,"Gasoline (all types)","https://beta.bls.gov/dataViewer/view/timeseries/CUUR0000SETB01"
"235",2018-11-01,127.135387972475,-0.072547312179611,"Gasoline (all types)","https://beta.bls.gov/dataViewer/view/timeseries/CUUR0000SETB01"
"236",2018-12-01,114.588802108652,-0.0986868098954461,"Gasoline (all types)","https://beta.bls.gov/dataViewer/view/timeseries/CUUR0000SETB01"
"237",2019-01-01,108.670101867756,-0.0516516459896679,"Gasoline (all types)","https://beta.bls.gov/dataViewer/view/timeseries/CUUR0000SETB01"
"238",2019-02-01,111.670501560964,0.0276101673012117,"Gasoline (all types)","https://beta.bls.gov/dataViewer/view/timeseries/CUUR0000SETB01"
"239",2019-03-01,121.680655928963,0.0896400949944137,"Gasoline (all types)","https://beta.bls.gov/dataViewer/view/timeseries/CUUR0000SETB01"
"240",2019-04-01,134.220760281298,0.103057501265081,"Gasoline (all types)","https://beta.bls.gov/dataViewer/view/timeseries/CUUR0000SETB01"
"241",2019-05-01,137.489602575321,0.0243542227534114,"Gasoline (all types)","https://beta.bls.gov/dataViewer/view/timeseries/CUUR0000SETB01"
"242",2019-06-01,130.733707100496,-0.0491375009330155,"Gasoline (all types)","https://beta.bls.gov/dataViewer/view/timeseries/CUUR0000SETB01"
"243",2019-07-01,131.790733599075,0.00808534020814499,"Gasoline (all types)","https://beta.bls.gov/dataViewer/view/timeseries/CUUR0000SETB01"
"244",2019-08-01,126.186926791328,-0.0425204918032786,"Gasoline (all types)","https://beta.bls.gov/dataViewer/view/timeseries/CUUR0000SETB01"
"245",2019-09-01,125.03699862808,-0.00911289459604063,"Gasoline (all types)","https://beta.bls.gov/dataViewer/view/timeseries/CUUR0000SETB01"
"246",2019-10-01,127.020341143555,0.0158620451325292,"Gasoline (all types)","https://beta.bls.gov/dataViewer/view/timeseries/CUUR0000SETB01"
"247",2019-11-01,125.619794536086,-0.0110261600217718,"Gasoline (all types)","https://beta.bls.gov/dataViewer/view/timeseries/CUUR0000SETB01"
"248",2019-12-01,123.611606226572,-0.0159862409975276,"Gasoline (all types)","https://beta.bls.gov/dataViewer/view/timeseries/CUUR0000SETB01"
"249",2020-01-01,122.613993583304,-0.00807054186675523,"Gasoline (all types)","https://beta.bls.gov/dataViewer/view/timeseries/CUUR0000SETB01"
"250",2020-02-01,117.948925689471,-0.0380467820800847,"Gasoline (all types)","https://beta.bls.gov/dataViewer/view/timeseries/CUUR0000SETB01"
"251",2020-03-01,109.21616921066,-0.0740384571352684,"Gasoline (all types)","https://beta.bls.gov/dataViewer/view/timeseries/CUUR0000SETB01"
"252",2020-04-01,91.2224130667272,-0.164753591652036,"Gasoline (all types)","https://beta.bls.gov/dataViewer/view/timeseries/CUUR0000SETB01"
"253",2020-05-01,91.0263473442007,-0.00214931523882273,"Gasoline (all types)","https://beta.bls.gov/dataViewer/view/timeseries/CUUR0000SETB01"
"254",2020-06-01,100.151235268065,0.100244469761701,"Gasoline (all types)","https://beta.bls.gov/dataViewer/view/timeseries/CUUR0000SETB01"
"255",2020-07-01,104.99886573549,0.0484031021130179,"Gasoline (all types)","https://beta.bls.gov/dataViewer/view/timeseries/CUUR0000SETB01"
"256",2020-08-01,105.026952285273,0.000267493839925653,"Gasoline (all types)","https://beta.bls.gov/dataViewer/view/timeseries/CUUR0000SETB01"
"257",2020-09-01,105.804193537933,0.00740039804781701,"Gasoline (all types)","https://beta.bls.gov/dataViewer/view/timeseries/CUUR0000SETB01"
"258",2020-10-01,104.131963573905,-0.0158049497672139,"Gasoline (all types)","https://beta.bls.gov/dataViewer/view/timeseries/CUUR0000SETB01"
"259",2020-11-01,101.33249073684,-0.0268838955973277,"Gasoline (all types)","https://beta.bls.gov/dataViewer/view/timeseries/CUUR0000SETB01"
"260",2020-12-01,104.779034470839,0.0340122275583795,"Gasoline (all types)","https://beta.bls.gov/dataViewer/view/timeseries/CUUR0000SETB01"
"261",2021-01-01,112.025364314958,0.0691582040311357,"Gasoline (all types)","https://beta.bls.gov/dataViewer/view/timeseries/CUUR0000SETB01"
"262",2021-02-01,119.739983364121,0.0688649315834641,"Gasoline (all types)","https://beta.bls.gov/dataViewer/view/timeseries/CUUR0000SETB01"
"263",2021-03-01,133.763273595402,0.117114516281818,"Gasoline (all types)","https://beta.bls.gov/dataViewer/view/timeseries/CUUR0000SETB01"
"264",2021-04-01,136.437437210357,0.0199917626346648,"Gasoline (all types)","https://beta.bls.gov/dataViewer/view/timeseries/CUUR0000SETB01"
"265",2021-05-01,142.144948201921,0.0418324406281793,"Gasoline (all types)","https://beta.bls.gov/dataViewer/view/timeseries/CUUR0000SETB01"
"266",2021-06-01,145.282539888302,0.0220731846335068,"Gasoline (all types)","https://beta.bls.gov/dataViewer/view/timeseries/CUUR0000SETB01"
"267",2021-07-01,148.888960905683,0.0248234992322823,"Gasoline (all types)","https://beta.bls.gov/dataViewer/view/timeseries/CUUR0000SETB01"
"268",2021-08-01,149.856866621296,0.00650085613953589,"Gasoline (all types)","https://beta.bls.gov/dataViewer/view/timeseries/CUUR0000SETB01"
"269",2021-09-01,150.337578723358,0.00320780831002603,"Gasoline (all types)","https://beta.bls.gov/dataViewer/view/timeseries/CUUR0000SETB01"
"270",2021-10-01,155.826878828143,0.0365131602583907,"Gasoline (all types)","https://beta.bls.gov/dataViewer/view/timeseries/CUUR0000SETB01"
"271",2021-11-01,160.185695304145,0.0279721734066781,"Gasoline (all types)","https://beta.bls.gov/dataViewer/view/timeseries/CUUR0000SETB01"
"272",2021-12-01,156.736450940359,-0.0215327864153947,"Gasoline (all types)","https://beta.bls.gov/dataViewer/view/timeseries/CUUR0000SETB01"
"273",2022-01-01,156.861220036513,0.000796043903027333,"Gasoline (all types)","https://beta.bls.gov/dataViewer/view/timeseries/CUUR0000SETB01"
"274",2022-02-01,165.256397791965,0.0535197785245991,"Gasoline (all types)","https://beta.bls.gov/dataViewer/view/timeseries/CUUR0000SETB01"
"275",2022-03-01,197.955623251342,0.197869649201364,"Gasoline (all types)","https://beta.bls.gov/dataViewer/view/timeseries/CUUR0000SETB01"
"276",2022-04-01,195.958777586933,-0.0100873399381717,"Gasoline (all types)","https://beta.bls.gov/dataViewer/view/timeseries/CUUR0000SETB01"
"277",2022-05-01,211.330762333776,0.0784449920342224,"Gasoline (all types)","https://beta.bls.gov/dataViewer/view/timeseries/CUUR0000SETB01"
"278",2022-06-01,232.330859556449,0.0993707541238351,"Gasoline (all types)","https://beta.bls.gov/dataViewer/view/timeseries/CUUR0000SETB01"
"279",2022-07-01,214.40407903123,-0.0771605655806687,"Gasoline (all types)","https://beta.bls.gov/dataViewer/view/timeseries/CUUR0000SETB01"
"280",2022-08-01,188.284127858617,-0.121825812692718,"Gasoline (all types)","https://beta.bls.gov/dataViewer/view/timeseries/CUUR0000SETB01"
"281",2022-09-01,177.657149647298,-0.0564411792548904,"Gasoline (all types)","https://beta.bls.gov/dataViewer/view/timeseries/CUUR0000SETB01"
"282",2022-10-01,183.11188169081,0.0307037012264454,"Gasoline (all types)","https://beta.bls.gov/dataViewer/view/timeseries/CUUR0000SETB01"
